label,precision,recall,f1-score,support
neg,0.7142857142857143,1.0,0.8333333333333334,5.0
neu,0.0,0.0,0.0,1.0
pos,1.0,0.75,0.8571428571428571,4.0
macro avg,0.5714285714285715,0.5833333333333334,0.5634920634920635,10.0
weighted avg,0.7571428571428571,0.8,0.7595238095238095,10.0
