{
  "neg": {
    "precision": 0.7142857142857143,
    "recall": 1.0,
    "f1-score": 0.8333333333333334,
    "support": 5.0
  },
  "neu": {
    "precision": 0.0,
    "recall": 0.0,
    "f1-score": 0.0,
    "support": 1.0
  },
  "pos": {
    "precision": 1.0,
    "recall": 0.75,
    "f1-score": 0.8571428571428571,
    "support": 4.0
  },
  "accuracy": 0.8,
  "macro avg": {
    "precision": 0.5714285714285715,
    "recall": 0.5833333333333334,
    "f1-score": 0.5634920634920635,
    "support": 10.0
  },
  "weighted avg": {
    "precision": 0.7571428571428571,
    "recall": 0.8,
    "f1-score": 0.7595238095238095,
    "support": 10.0
  }
}