{
  "report": {
    "neg": {
      "precision": 0.7689024390243903,
      "recall": 0.7382903981264637,
      "f1-score": 0.7532855436081243,
      "support": 1708.0
    },
    "neu": {
      "precision": 0.4664804469273743,
      "recall": 0.185761957730812,
      "f1-score": 0.2657120127287192,
      "support": 899.0
    },
    "pos": {
      "precision": 0.892693482688391,
      "recall": 0.967710776873189,
      "f1-score": 0.9286896643051049,
      "support": 7247.0
    },
    "accuracy": 0.856606454231784,
    "macro avg": {
      "precision": 0.7093587895467186,
      "recall": 0.6305877109101549,
      "f1-score": 0.6492290735473162,
      "support": 9854.0
    },
    "weighted avg": {
      "precision": 0.8323524413115625,
      "recall": 0.856606454231784,
      "f1-score": 0.8378019895620956,
      "support": 9854.0
    }
  },
  "confusion_matrix": [
    [
      1261,
      85,
      362
    ],
    [
      251,
      167,
      481
    ],
    [
      128,
      106,
      7013
    ]
  ]
}