{
  "report": {
    "neg": {
      "precision": 0.75,
      "recall": 0.75,
      "f1-score": 0.75,
      "support": 4.0
    },
    "neu": {
      "precision": 0.0,
      "recall": 0.0,
      "f1-score": 0.0,
      "support": 1.0
    },
    "pos": {
      "precision": 0.6666666666666666,
      "recall": 0.8,
      "f1-score": 0.7272727272727273,
      "support": 5.0
    },
    "accuracy": 0.7,
    "macro avg": {
      "precision": 0.47222222222222215,
      "recall": 0.5166666666666667,
      "f1-score": 0.49242424242424243,
      "support": 10.0
    },
    "weighted avg": {
      "precision": 0.6333333333333333,
      "recall": 0.7,
      "f1-score": 0.6636363636363637,
      "support": 10.0
    }
  },
  "confusion_matrix": [
    [
      3,
      0,
      1
    ],
    [
      0,
      0,
      1
    ],
    [
      1,
      0,
      4
    ]
  ]
}