{
  "report": {
    "neg": {
      "precision": 0.7871536523929471,
      "recall": 0.7322788517867604,
      "f1-score": 0.7587253414264037,
      "support": 1707.0
    },
    "neu": {
      "precision": 0.459375,
      "recall": 0.1635150166852058,
      "f1-score": 0.24118129614438064,
      "support": 899.0
    },
    "pos": {
      "precision": 0.8876022655758339,
      "recall": 0.9730923140609907,
      "f1-score": 0.9283833596629805,
      "support": 7247.0
    },
    "accuracy": 0.857505328326398,
    "macro avg": {
      "precision": 0.7113769726562603,
      "recall": 0.622962060844319,
      "f1-score": 0.6427633324112549,
      "support": 9853.0
    },
    "weighted avg": {
      "precision": 0.8311278827020023,
      "recall": 0.857505328326398,
      "f1-score": 0.8362894905639183,
      "support": 9853.0
    }
  },
  "confusion_matrix": [
    [
      1250,
      88,
      369
    ],
    [
      228,
      147,
      524
    ],
    [
      110,
      85,
      7052
    ]
  ]
}