{
  "report": {
    "neg": {
      "precision": 0.7825842696629214,
      "recall": 0.8155737704918032,
      "f1-score": 0.7987385321100917,
      "support": 1708.0
    },
    "neu": {
      "precision": 0.4509316770186335,
      "recall": 0.40378197997775306,
      "f1-score": 0.426056338028169,
      "support": 899.0
    },
    "pos": {
      "precision": 0.9508873297565003,
      "recall": 0.9537739754381124,
      "f1-score": 0.9523284651419124,
      "support": 7247.0
    },
    "accuracy": 0.8796427846559772,
    "macro avg": {
      "precision": 0.7281344254793517,
      "recall": 0.7243765753025562,
      "f1-score": 0.7257077784267244,
      "support": 9854.0
    },
    "weighted avg": {
      "precision": 0.876103307181792,
      "recall": 0.8796427846559772,
      "f1-score": 0.8776937738598334,
      "support": 9854.0
    }
  },
  "confusion_matrix": [
    [
      1393,
      214,
      101
    ],
    [
      280,
      363,
      256
    ],
    [
      107,
      228,
      6912
    ]
  ]
}